{
    "parameters": {
        "strategy": "maxEntropy",
        "termination": "corrected30",
        "mapping": "weightedSum",
        "domain": [
            1,
            0.95,
            0.85,
            0.75,
            0.65,
            0.55,
            0
        ]
    },
    "peer-assessments": {
        "8": {
            "14": 0.6301199681580225,
            "10": 0.6301402877758245,
            "18": 0.6304472619002627
        },
        "9": {
            "12": 0.7160375796859961,
            "10": 0.7155313494325332,
            "19": 0.7156174284991438
        },
        "10": {
            "12": 0.6532147695016864,
            "15": 0.6530789822531803,
            "19": 0.6529070554308094
        },
        "11": {
            "9": 0.6280782739123174,
            "19": 0.6277296005700063,
            "18": 0.6279514717381605
        },
        "12": {
            "15": 0.6216383358583566,
            "17": 0.6218871055677566,
            "10": 0.621832827259897
        },
        "13": {
            "11": 0.6696091457993621,
            "17": 0.669441346141244,
            "14": 0.6695218977519958
        },
        "14": {
            "18": 0.5983001904588541,
            "12": 0.598571823868386,
            "16": 0.598074659988529
        },
        "15": {
            "13": 0.7469235115100497,
            "16": 0.7471589164396103,
            "17": 0.7473674236291991
        },
        "16": {
            "15": 0.6678648420430247,
            "14": 0.6678658545873647,
            "13": 0.667723368270531
        },
        "17": {
            "9": 0.649110505159194,
            "8": 0.6492960811112495,
            "13": 0.6488122746073988
        },
        "18": {
            "11": 0.6607613650081186,
            "8": 0.6616324082466444,
            "9": 0.6612117438045594
        },
        "19": {
            "11": 0.6813410466130156,
            "8": 0.6812910603990437,
            "16": 0.6813402056030244
        }
    }
}