{
    "parameters": {
        "strategy": "maxEntropy",
        "termination": "corrected30",
        "mapping": "weightedSum",
        "domain": [
            1,
            0.95,
            0.85,
            0.75,
            0.65,
            0.55,
            0
        ]
    },
    "peer-assessments": {
        "8": {
            "9": 0.7092232902023874,
            "11": 0.7085289249123204,
            "10": 0.709081583000333
        },
        "9": {
            "10": 0.6383502855071843,
            "8": 0.6388356792749913,
            "11": 0.6390017350376622
        },
        "10": {
            "11": 0.5927027214237944,
            "9": 0.5937289591715658,
            "8": 0.5937526872119765
        },
        "11": {
            "9": 0.5616825648402303,
            "10": 0.5616657271599221,
            "8": 0.5613907117148885
        }
    }
}