{
    "parameters": {
        "strategy": "maxEntropy",
        "termination": "corrected30",
        "mapping": "weightedSum",
        "domain": [
            1,
            0.95,
            0.85,
            0.75,
            0.65,
            0.55,
            0
        ]
    },
    "peer-assessments": {
        "8": {
            "9": 0.5798283910844106,
            "11": 0.5802171793612934,
            "10": 0.5797123348823563
        },
        "9": {
            "10": 0.7036349659386896,
            "11": 0.7028403431470818,
            "8": 0.7037334147801275
        },
        "10": {
            "8": 0.6332175588760185,
            "11": 0.6335024070806412,
            "9": 0.6331795791154022
        },
        "11": {
            "9": 0.6340991616422849,
            "8": 0.633700062305813,
            "10": 0.6340104729008467
        }
    }
}