{
    "parameters": {
        "strategy": "maxEntropy",
        "termination": "corrected30",
        "mapping": "weightedSum",
        "domain": [
            1,
            0.95,
            0.85,
            0.75,
            0.65,
            0.55,
            0
        ]
    },
    "peer-assessments": {
        "8": {
            "16": 0.6316167563957655,
            "12": 0.6312963674158585,
            "11": 0.6323236378155144
        },
        "9": {
            "16": 0.6406697138276903,
            "18": 0.6400971575759854,
            "11": 0.6406942432493548
        },
        "10": {
            "12": 0.6798209246625706,
            "9": 0.680463707488468,
            "11": 0.6809485793631493
        },
        "11": {
            "14": 0.5447521482551059,
            "16": 0.5442518789652547,
            "8": 0.5442233422295586
        },
        "12": {
            "17": 0.7073192504706248,
            "15": 0.7067851736547784,
            "13": 0.7071295591324093
        },
        "13": {
            "15": 0.6549569249628329,
            "10": 0.6555479498847457,
            "14": 0.654955216019299
        },
        "14": {
            "8": 0.6041268198297887,
            "19": 0.6053720288429534,
            "10": 0.604717190276685
        },
        "15": {
            "19": 0.5996365731456799,
            "9": 0.5991044500084179,
            "12": 0.5996475381895559
        },
        "16": {
            "19": 0.6059481410716132,
            "13": 0.6049700670763944,
            "9": 0.605385672538921
        },
        "17": {
            "18": 0.6676984199643744,
            "13": 0.6679587433714398,
            "10": 0.667295922548531
        },
        "18": {
            "17": 0.6761968686254728,
            "15": 0.6749616207918759,
            "14": 0.676312627627774
        },
        "19": {
            "8": 0.7077869064557654,
            "17": 0.7076518260319128,
            "18": 0.7084813543381447
        }
    }
}